[
{
  "model": "polls.question",
  "pk": 2,
  "fields": {
    "question_text": "What's your preferred programming language?",
    "pub_date": "2023-09-02T16:05:13Z",
    "end_date": "2024-12-31T05:00:00Z"
  }
},
{
  "model": "polls.question",
  "pk": 3,
  "fields": {
    "question_text": "Which social media platform do you use the most?",
    "pub_date": "2023-09-02T16:06:37Z",
    "end_date": "2024-12-31T05:00:00Z"
  }
},
{
  "model": "polls.question",
  "pk": 4,
  "fields": {
    "question_text": "What's your favorite type of music?",
    "pub_date": "2023-09-02T16:12:16Z",
    "end_date": null
  }
},
{
  "model": "polls.question",
  "pk": 5,
  "fields": {
    "question_text": "What's your preferred type of coffee or tea?",
    "pub_date": "2023-09-02T16:13:36Z",
    "end_date": "2024-12-31T05:00:00Z"
  }
},
{
  "model": "polls.question",
  "pk": 6,
  "fields": {
    "question_text": "Which movie genre do you enjoy the most?",
    "pub_date": "2023-09-02T16:14:50Z",
    "end_date": "2024-12-31T05:00:00Z"
  }
},
{
  "model": "polls.question",
  "pk": 7,
  "fields": {
    "question_text": "Which superhero would you want to team up with to save the world?",
    "pub_date": "2023-09-02T16:16:06Z",
    "end_date": "2024-12-31T05:00:00Z"
  }
},
{
  "model": "polls.question",
  "pk": 8,
  "fields": {
    "question_text": "If you could have any superpower, which one would you choose?",
    "pub_date": "2023-09-02T16:17:07Z",
    "end_date": "2024-12-31T05:00:00Z"
  }
},
{
  "model": "polls.question",
  "pk": 9,
  "fields": {
    "question_text": "If you could visit any fictional world, where would you go?",
    "pub_date": "2023-09-02T16:18:17Z",
    "end_date": "2024-12-31T05:00:00Z"
  }
},
{
  "model": "polls.question",
  "pk": 10,
  "fields": {
    "question_text": "What's your favorite Korean drama series genre?",
    "pub_date": "2023-09-02T16:19:12Z",
    "end_date": "2024-12-31T05:00:00Z"
  }
},
{
  "model": "polls.question",
  "pk": 11,
  "fields": {
    "question_text": "Which is your all-time favorite Korean drama?",
    "pub_date": "2023-09-02T16:19:54Z",
    "end_date": "2024-12-31T05:00:00Z"
  }
},
{
  "model": "polls.choice",
  "pk": 4,
  "fields": {
    "question": 2,
    "choice_text": "Python"
  }
},
{
  "model": "polls.choice",
  "pk": 5,
  "fields": {
    "question": 2,
    "choice_text": "Java"
  }
},
{
  "model": "polls.choice",
  "pk": 6,
  "fields": {
    "question": 2,
    "choice_text": "JavaScript"
  }
},
{
  "model": "polls.choice",
  "pk": 7,
  "fields": {
    "question": 2,
    "choice_text": "C++"
  }
},
{
  "model": "polls.choice",
  "pk": 8,
  "fields": {
    "question": 2,
    "choice_text": "SQL"
  }
},
{
  "model": "polls.choice",
  "pk": 9,
  "fields": {
    "question": 3,
    "choice_text": "Facebook"
  }
},
{
  "model": "polls.choice",
  "pk": 10,
  "fields": {
    "question": 3,
    "choice_text": "Instagram"
  }
},
{
  "model": "polls.choice",
  "pk": 11,
  "fields": {
    "question": 3,
    "choice_text": "Twitter"
  }
},
{
  "model": "polls.choice",
  "pk": 12,
  "fields": {
    "question": 3,
    "choice_text": "TikTok"
  }
},
{
  "model": "polls.choice",
  "pk": 13,
  "fields": {
    "question": 3,
    "choice_text": "Threads"
  }
},
{
  "model": "polls.choice",
  "pk": 14,
  "fields": {
    "question": 4,
    "choice_text": "Rock and roll"
  }
},
{
  "model": "polls.choice",
  "pk": 15,
  "fields": {
    "question": 4,
    "choice_text": "Hip-hop and rap"
  }
},
{
  "model": "polls.choice",
  "pk": 16,
  "fields": {
    "question": 4,
    "choice_text": "Classical"
  }
},
{
  "model": "polls.choice",
  "pk": 17,
  "fields": {
    "question": 4,
    "choice_text": "Jazz"
  }
},
{
  "model": "polls.choice",
  "pk": 18,
  "fields": {
    "question": 4,
    "choice_text": "Pop"
  }
},
{
  "model": "polls.choice",
  "pk": 19,
  "fields": {
    "question": 5,
    "choice_text": "Americano"
  }
},
{
  "model": "polls.choice",
  "pk": 20,
  "fields": {
    "question": 5,
    "choice_text": "Cappuccino"
  }
},
{
  "model": "polls.choice",
  "pk": 21,
  "fields": {
    "question": 5,
    "choice_text": "Iced coffee with cream"
  }
},
{
  "model": "polls.choice",
  "pk": 22,
  "fields": {
    "question": 5,
    "choice_text": "Matcha latte"
  }
},
{
  "model": "polls.choice",
  "pk": 23,
  "fields": {
    "question": 5,
    "choice_text": "Thai tea"
  }
},
{
  "model": "polls.choice",
  "pk": 24,
  "fields": {
    "question": 6,
    "choice_text": "Action and adventure"
  }
},
{
  "model": "polls.choice",
  "pk": 25,
  "fields": {
    "question": 6,
    "choice_text": "Science fiction and fantasy"
  }
},
{
  "model": "polls.choice",
  "pk": 26,
  "fields": {
    "question": 6,
    "choice_text": "Romantic comedies"
  }
},
{
  "model": "polls.choice",
  "pk": 27,
  "fields": {
    "question": 6,
    "choice_text": "Horror and Thrillers"
  }
},
{
  "model": "polls.choice",
  "pk": 28,
  "fields": {
    "question": 6,
    "choice_text": "Animation and family films"
  }
},
{
  "model": "polls.choice",
  "pk": 29,
  "fields": {
    "question": 7,
    "choice_text": "Superman"
  }
},
{
  "model": "polls.choice",
  "pk": 30,
  "fields": {
    "question": 7,
    "choice_text": "Spider-man"
  }
},
{
  "model": "polls.choice",
  "pk": 31,
  "fields": {
    "question": 7,
    "choice_text": "Ironman"
  }
},
{
  "model": "polls.choice",
  "pk": 32,
  "fields": {
    "question": 7,
    "choice_text": "Captain America"
  }
},
{
  "model": "polls.choice",
  "pk": 33,
  "fields": {
    "question": 7,
    "choice_text": "Black Panther"
  }
},
{
  "model": "polls.choice",
  "pk": 34,
  "fields": {
    "question": 8,
    "choice_text": "Invisibility - the power to become invisible at will."
  }
},
{
  "model": "polls.choice",
  "pk": 35,
  "fields": {
    "question": 8,
    "choice_text": "Telekinesis - the ability to move objects with your mind."
  }
},
{
  "model": "polls.choice",
  "pk": 36,
  "fields": {
    "question": 8,
    "choice_text": "Time manipulation - the power to travel through time."
  }
},
{
  "model": "polls.choice",
  "pk": 37,
  "fields": {
    "question": 8,
    "choice_text": "Super strength - enhanced physical strength beyond human limits."
  }
},
{
  "model": "polls.choice",
  "pk": 38,
  "fields": {
    "question": 8,
    "choice_text": "Mind reading - the ability to read minds and thoughts."
  }
},
{
  "model": "polls.choice",
  "pk": 39,
  "fields": {
    "question": 9,
    "choice_text": "Hogwarts School of Witchcraft and Wizardry (Harry Potter)"
  }
},
{
  "model": "polls.choice",
  "pk": 40,
  "fields": {
    "question": 9,
    "choice_text": "The Shire in Middle-earth (The Lord of the Rings)"
  }
},
{
  "model": "polls.choice",
  "pk": 41,
  "fields": {
    "question": 9,
    "choice_text": "Narnia (The Chronicles of Narnia)"
  }
},
{
  "model": "polls.choice",
  "pk": 42,
  "fields": {
    "question": 9,
    "choice_text": "Westeros (Game of Thrones)"
  }
},
{
  "model": "polls.choice",
  "pk": 43,
  "fields": {
    "question": 9,
    "choice_text": "Wonderland (Alice's Adventures in Wonderland)"
  }
},
{
  "model": "polls.choice",
  "pk": 44,
  "fields": {
    "question": 10,
    "choice_text": "Romantic dramas (e.g., \"Crash Landing on You\")"
  }
},
{
  "model": "polls.choice",
  "pk": 45,
  "fields": {
    "question": 10,
    "choice_text": "Historical dramas (e.g., \"Mr. Sunshine\")"
  }
},
{
  "model": "polls.choice",
  "pk": 46,
  "fields": {
    "question": 10,
    "choice_text": "Fantasy and supernatural dramas (e.g., \"Goblin\")"
  }
},
{
  "model": "polls.choice",
  "pk": 47,
  "fields": {
    "question": 10,
    "choice_text": "Crime and mystery dramas (e.g., \"Signal\")"
  }
},
{
  "model": "polls.choice",
  "pk": 48,
  "fields": {
    "question": 10,
    "choice_text": "Medical dramas (e.g., \"Hospital Playlist\")"
  }
},
{
  "model": "polls.choice",
  "pk": 49,
  "fields": {
    "question": 11,
    "choice_text": "\"Descendants of the Sun.\""
  }
},
{
  "model": "polls.choice",
  "pk": 50,
  "fields": {
    "question": 11,
    "choice_text": "\"Crash Landing on You.\""
  }
},
{
  "model": "polls.choice",
  "pk": 51,
  "fields": {
    "question": 11,
    "choice_text": "\"Goblin.\""
  }
},
{
  "model": "polls.choice",
  "pk": 52,
  "fields": {
    "question": 11,
    "choice_text": "\"Itaewon Class.\""
  }
},
{
  "model": "polls.choice",
  "pk": 53,
  "fields": {
    "question": 11,
    "choice_text": "\"Squid Game.\""
  }
},
{
  "model": "polls.vote",
  "pk": 1,
  "fields": {
    "choice": 22,
    "user": 3
  }
},
{
  "model": "polls.vote",
  "pk": 2,
  "fields": {
    "choice": 52,
    "user": 3
  }
},
{
  "model": "polls.vote",
  "pk": 3,
  "fields": {
    "choice": 51,
    "user": 3
  }
},
{
  "model": "polls.vote",
  "pk": 4,
  "fields": {
    "choice": 12,
    "user": 2
  }
},
{
  "model": "polls.vote",
  "pk": 5,
  "fields": {
    "choice": 36,
    "user": 2
  }
},
{
  "model": "polls.vote",
  "pk": 6,
  "fields": {
    "choice": 15,
    "user": 2
  }
},
{
  "model": "polls.vote",
  "pk": 7,
  "fields": {
    "choice": 37,
    "user": 2
  }
},
{
  "model": "polls.vote",
  "pk": 8,
  "fields": {
    "choice": 27,
    "user": 2
  }
},
{
  "model": "polls.vote",
  "pk": 9,
  "fields": {
    "choice": 26,
    "user": 2
  }
},
{
  "model": "polls.vote",
  "pk": 10,
  "fields": {
    "choice": 32,
    "user": 2
  }
},
{
  "model": "polls.vote",
  "pk": 11,
  "fields": {
    "choice": 11,
    "user": 2
  }
},
{
  "model": "polls.vote",
  "pk": 12,
  "fields": {
    "choice": 34,
    "user": 2
  }
},
{
  "model": "polls.vote",
  "pk": 13,
  "fields": {
    "choice": 38,
    "user": 3
  }
},
{
  "model": "polls.vote",
  "pk": 14,
  "fields": {
    "choice": 36,
    "user": 3
  }
},
{
  "model": "polls.vote",
  "pk": 15,
  "fields": {
    "choice": 50,
    "user": 3
  }
},
{
  "model": "polls.vote",
  "pk": 16,
  "fields": {
    "choice": 27,
    "user": 3
  }
},
{
  "model": "polls.vote",
  "pk": 17,
  "fields": {
    "choice": 7,
    "user": 3
  }
},
{
  "model": "polls.vote",
  "pk": 18,
  "fields": {
    "choice": 25,
    "user": 3
  }
},
{
  "model": "polls.vote",
  "pk": 19,
  "fields": {
    "choice": 12,
    "user": 3
  }
},
{
  "model": "polls.vote",
  "pk": 20,
  "fields": {
    "choice": 51,
    "user": 2
  }
},
{
  "model": "polls.vote",
  "pk": 21,
  "fields": {
    "choice": 50,
    "user": 2
  }
},
{
  "model": "polls.vote",
  "pk": 22,
  "fields": {
    "choice": 49,
    "user": 3
  }
},
{
  "model": "polls.vote",
  "pk": 23,
  "fields": {
    "choice": 43,
    "user": 3
  }
},
{
  "model": "polls.vote",
  "pk": 24,
  "fields": {
    "choice": 42,
    "user": 3
  }
},
{
  "model": "polls.vote",
  "pk": 25,
  "fields": {
    "choice": 16,
    "user": 3
  }
}
]
